"ID","AGENT_ID","BEGIN_CARD_NO","END_CARD_NO","NEXT_CARD_NO","TM_STAMP"
"1","32010003","100000","100999","104000","20160521002003526"
"2","32010003","101000","101999","104000","20160706221406579"
"3","32010003","102000","103999","104000","20160706221626295"
"5","sso","0","99999","9","20160521002003526"
"6","00000000","104000","104999","104071","20160709230757293"
"7","32010003","105000","105099","105100","20160709233652482"
"8","32010007","105100","106099","105126","20160711102936817"
"9","32010003","106100","156099","151622","20160712211824039"
"10","32010010","156100","166099","160058","20160823125355554"
"11","42010004","166100","167099","166105","20160924154140226"
"12","42010004","167100","176099","167100","20160924154148501"
"13","32010011","176100","276099","176123","20161023102252690"
"14","32010009","276100","286099","276237","20161105093849393"
"15","00000000","286100","287099","286100","20161130230453959"
"16","32010007","287100","297099","287100","20161206221515668"
"17","32010013","297100","299099","297100","20161206222544477"
"18","32010013","299100","301099","299100","20161206222605357"
"19","32010012","301100","401099","314848","20161210165834725"
"20","32010014","401100","401199","401200","20170602112238674"
"21","32010015","401200","401249","401202","20170602154058561"
"22","32010016","401250","401299","401252","20170602154120480"
"23","32010014","401300","401349","401368","20170602170410912"
"24","32010014","401350","401399","401368","20170611142936485"
"25","32010017","401400","402399","402400","20170618123819580"
"26","61010001","402400","402449","402402","20170630150542684"
"27","52020003","402450","404549","404550","20170710151534334"
"28","61100001","404550","404599","404552","20170721173654058"
"29","51010001","404600","405599","404600","20170814182427774"
"30","32010017","405600","405799","406116","20171030155010957"
"31","32010017","405800","406115","406116","20171113113012402"
"32","42010005","406116","406125","406126","20171225185819182"
"33","32010017","406126","406525","406436","20180120140601090"
"34","42010005","406526","407525","407526","20180125121753081"
"35","32010018","407526","407535","408526","20180208195739877"
"36","32010018","407536","408525","408526","20180208200124678"
"37","52020003","408526","408725","408726","20180406145631006"
"38","42010005","408726","409725","409726","20180610152844657"
"39","32010003","409726","439725","409726","20180613143828736"
"40","13010001","439726","439785","439786","20180628143538693"
"41","13010001","439786","439825","439786","20180628143546365"
"42","32010019","439826","439830","439831","20180629151224351"
"43","32010014","439831","440030","439831","20180630125411025"
"44","42010005","440031","441030","440622","20180814205511718"
"45","32010017","441031","441080","441031","20180817180645288"
"46","32010020","441081","481080","465461","20180820140114351"
"47","32010020","481081","521080","481081","20180820140403926"
"48","42110001","521081","521580","521281","20180908171957380"
"49","42010005","521581","522580","521581","20181016180007353"
"50","61100001","522581","522980","522581","20181018150512941"
"51","32010019","522981","523380","523383","20181018150831533"
"52","32010019","523381","523382","523383","20181019151535676"
"53","42010005","523383","524382","523383","20181101105440535"
"54","32010021","524383","525382","525383","20181107121257523"
"55","32010018","525383","526382","525464","20181116133834107"
"56","32010022","526383","526417","526434","20181123151041891"
"57","32010022","526418","526433","526434","20181127155504463"
"58","52020003","526434","528433","526436","20181215145912164"
"59","32010021","528434","532433","529401","20181230154751104"
"60","32060001","532434","535433","532476","20181231163656540"
